"Sehr geehrte Frau Sanae Abdi,",861028
"Sehr geehrte Frau Gökay Akbulut,",857082
"Sehr geehrter Herr Valentin Abel,",860100
"Sehr geehrter Herr Ali Al-Dailami,",860114
"Sehr geehrter Herr Knut Abraham,",860546
"Sehr geehrter Herr Muhanad Al-Halak,",860118
"Sehr geehrte Frau Katja Adler,",860102
"Sehr geehrte Frau Reem Alabali-Radovan,",860830
"Sehr geehrte Frau Stephanie Aeffner,",860154
"Sehr geehrter Herr Stephan Albani,",857088
"Sehr geehrter Herr Adis Ahmetovic,",861876
"Sehr geehrte Frau Renata Alt,",857098
"Sehr geehrter Herr Norbert Maria Altenkamp,",857102
"Sehr geehrter Herr Philipp Amthor,",857086
"Sehr geehrte Frau Luise Amtsberg,",857104
"Sehr geehrte Frau Dagmar Andres,",860980
"Sehr geehrter Herr Niels Annen,",857106
"Sehr geehrter Herr Johannes Arlt,",860828
"Sehr geehrte Frau Christine Aschenberg-Dugnus,",857094
"Sehr geehrter Herr Andreas Audretsch,",860496
"Sehr geehrter Herr Artur Auernhammer,",857084
"Sehr geehrter Herr Peter Aumer,",857090
"Sehr geehrter Herr Maik Außendorf,",860932
"Sehr geehrter Herr Tobias Bacherle,",860138
"Sehr geehrte Frau Carolin Bachmann,",863318
"Sehr geehrte Frau Lisa Badum,",857148
"Sehr geehrte Frau Heike Baehrens,",857144
"Sehr geehrte Frau Dorothee Bär,",857110
"Sehr geehrter Herr Karl Bär,",860334
"Sehr geehrte Frau Annalena Baerbock,",857150
"Sehr geehrte Frau Ulrike Bahr,",857152
"Sehr geehrter Herr Daniel Baldy,",861186
"Sehr geehrter Herr Felix Banaszak,",860904
"Sehr geehrte Frau Nezahat Baradari,",857122
"Sehr geehrter Herr Thomas Bareiß,",857138
"Sehr geehrter Herr Sören Bartol,",857132
"Sehr geehrter Herr Dr. Dietmar Bartsch,",857154
"Sehr geehrte Frau Bärbel Bas,",857120
"Sehr geehrte Frau Nicole Bauer,",857140
"Sehr geehrte Frau Dr. Christina Baum,",860218
"Sehr geehrter Herr Dr. Bernd Baumann,",857160
"Sehr geehrte Frau Canan Bayram,",857156
"Sehr geehrte Frau Katharina Beck,",860700
"Sehr geehrter Herr Roger Beckamp,",860236
"Sehr geehrter Herr Dr. Holger Becker,",861440
"Sehr geehrter Herr Jens Beeck,",857142
"Sehr geehrter Herr Lukas Benner,",861470
"Sehr geehrter Herr Jürgen Berghahn,",861088
"Sehr geehrter Herr Dr. André Berghegger,",857124
"Sehr geehrter Herr Bengt Bergt,",861374
"Sehr geehrter Herr Marc Bernhard,",857114
"Sehr geehrter Herr Peter Beyer,",857108
"Sehr geehrter Herr Marc Biadacz,",857126
"Sehr geehrter Herr Steffen Bilger,",857146
"Sehr geehrter Herr Matthias W. Birkwald,",857206
"Sehr geehrter Herr Jakob Blankenburg,",860872
"Sehr geehrter Herr Andreas Bleck,",857164
"Sehr geehrter Herr René Bochmann,",860294
"Sehr geehrter Herr Ingo Bodtke,",860300
"Sehr geehrter Herr Peter Boehringer,",857196
"Sehr geehrter Herr Friedhelm Boginski,",860302
"Sehr geehrter Herr Gereon Bollmann,",860310
"Sehr geehrte Frau Simone Borchardt,",860762
"Sehr geehrter Herr Michael Brand,",857184
"Sehr geehrter Herr Dr. Jens Brandenburg,",857216
"Sehr geehrter Herr Mario Brandenburg,",857166
"Sehr geehrter Herr Dirk Brandes,",860314
"Sehr geehrter Herr Dr. Reinhard Brandl,",857194
"Sehr geehrter Herr Stephan Brandner,",857202
"Sehr geehrte Frau Dr. Franziska Brantner,",857200
"Sehr geehrter Herr Prof. Dr. Helge Braun,",857178
"Sehr geehrter Herr Jürgen Braun,",857190
"Sehr geehrte Frau Silvia Breher,",857172
"Sehr geehrter Herr Sebastian Brehm,",857198
"Sehr geehrte Frau Heike Brehmer,",857180
"Sehr geehrter Herr Michael Breilmann,",860954
"Sehr geehrte Frau Leni Breymaier,",857186
"Sehr geehrter Herr Ralph Brinkhaus,",857212
"Sehr geehrter Herr Dr. Carsten Brodesser,",857218
"Sehr geehrter Herr Dr. Marlon Bröhr,",861144
"Sehr geehrte Frau Agnieszka Brugger,",857182
"Sehr geehrter Herr Frank Bsirske,",860818
"Sehr geehrte Frau Sandra Bubendorfer-Licht,",857188
"Sehr geehrte Frau Katrin Budde,",857170
"Sehr geehrter Herr Marcus Bühl,",857208
"Sehr geehrte Frau Clara Bünger,",874466
"Sehr geehrter Herr Yannick Bury,",861566
"Sehr geehrter Herr Dr. Marco Buschmann,",857192
"Sehr geehrter Herr Karlheinz Busen,",857210
"Sehr geehrter Herr Petr Bystron,",857176
"Sehr geehrte Frau Isabel Cademartori,",860204
"Sehr geehrter Herr Prof. Dr. Lars Castellucci,",857236
"Sehr geehrte Frau Dr. Anna Christmann,",857222
"Sehr geehrter Herr Tino Chrupalla,",857230
"Sehr geehrte Frau Gitta Connemann,",857226
"Sehr geehrter Herr Jürgen Coße,",860994
"Sehr geehrte Frau Joana Cotar,",857234
"Sehr geehrter Herr Carl-Julius Cronenberg,",857232
"Sehr geehrter Herr Dr. Gottfried Curio,",857228
"Sehr geehrter Herr Mario Czaja,",861524
"Sehr geehrter Herr Dr. Janosch Dahmen,",857272
"Sehr geehrter Herr Bernhard Daldrup,",857248
"Sehr geehrte Frau Astrid Damerow,",857268
"Sehr geehrte Frau Sevim Dağdelen,",857246
"Sehr geehrte Frau Ekin Deligöz,",857242
"Sehr geehrter Herr Hakan Demir,",861502
"Sehr geehrte Frau Dr. Sandra Detzer,",860130
"Sehr geehrter Herr Dr. Karamba Diaby,",857252
"Sehr geehrter Herr Martin Diedenhofen,",861190
"Sehr geehrter Herr Jan Dieren,",861096
"Sehr geehrter Herr Thomas Dietz,",860430
"Sehr geehrte Frau Esther Dilcher,",857244
"Sehr geehrte Frau Sabine Dittmar,",857240
"Sehr geehrter Herr Bijan Djir-Sarai,",857262
"Sehr geehrter Herr Alexander Dobrindt,",857264
"Sehr geehrter Herr Felix Döring,",860648
"Sehr geehrte Frau Anke Domscheit-Berg,",857258
"Sehr geehrter Herr Michael Donth,",857254
"Sehr geehrte Frau Katharina Dröge,",857250
"Sehr geehrter Herr Falko Droßmann,",861608
"Sehr geehrte Frau Deborah Düring,",860736
"Sehr geehrter Herr Christian Dürr,",857270
"Sehr geehrter Herr Hansjörg Durz,",857260
"Sehr geehrter Herr Harald Ebner,",857284
"Sehr geehrter Herr Axel Echeverria,",860998
"Sehr geehrter Herr Leon Eckert,",860382
"Sehr geehrter Herr Ralph Edelhäußer,",861822
"Sehr geehrter Herr Thomas Ehrhorn,",857276
"Sehr geehrte Frau Sonja Eichwede,",860474
"Sehr geehrter Herr Marcel Emmerich,",863346
"Sehr geehrter Herr Alexander Engelhard,",861748
"Sehr geehrte Frau Heike Engelhardt,",860228
"Sehr geehrte Frau Martina Englhardt-Kopf,",860320
"Sehr geehrter Herr Thomas Erndl,",857286
"Sehr geehrter Herr Klaus Ernst,",857282
"Sehr geehrte Frau Dr. Wiebke Esdar,",857288
"Sehr geehrte Frau Saskia Esken,",857280
"Sehr geehrter Herr Dr. Michael Espendiller,",857290
"Sehr geehrter Herr Dr. Marcus Faber,",857296
"Sehr geehrter Herr Hermann Färber,",857322
"Sehr geehrte Frau Ariane Fäscher,",860484
"Sehr geehrte Frau Yasmin Fahimi,",857316
"Sehr geehrter Herr Robert Farle,",863326
"Sehr geehrter Herr Dr. Johannes Fechner,",857324
"Sehr geehrter Herr Uwe Feiler,",857298
"Sehr geehrter Herr Peter Felser,",857292
"Sehr geehrter Herr Enak Ferlemann,",857318
"Sehr geehrte Frau Susanne Ferschl,",857312
"Sehr geehrte Frau Emilia Fester,",860704
"Sehr geehrter Herr Sebastian Fiedler,",861716
"Sehr geehrter Herr Daniel Föst,",857310
"Sehr geehrter Herr Dr. Edgar Franke,",857306
"Sehr geehrter Herr Thorsten Frei,",857308
"Sehr geehrter Herr Otto Fricke,",857314
"Sehr geehrter Herr Dietmar Friedhoff,",857302
"Sehr geehrter Herr Dr. Hans-Peter Friedrich,",857300
"Sehr geehrter Herr Michael Frieser,",857294
"Sehr geehrter Herr Dr. Götz Frömming,",857320
"Sehr geehrter Herr Markus Frohnmaier,",857304
"Sehr geehrter Herr Fabian Funke,",861290
"Sehr geehrter Herr Maximilian Funke-Kaiser,",860504
"Sehr geehrter Herr Ingo Gädechens,",857372
"Sehr geehrte Frau Schahina Gambir,",860934
"Sehr geehrte Frau Tessa Ganserer,",860336
"Sehr geehrter Herr Martin Gassner-Herz,",860520
"Sehr geehrter Herr Matthias Gastel,",857368
"Sehr geehrter Herr Dr. Alexander Gauland,",857328
"Sehr geehrter Herr Manuel Gava,",860882
"Sehr geehrter Herr Dr. Thomas Gebhart,",863124
"Sehr geehrter Herr Kai Gehring,",857348
"Sehr geehrter Herr Dr. Jonas Geissler,",861556
"Sehr geehrter Herr Stefan Gelbhaar,",857334
"Sehr geehrter Herr Michael Gerdes,",857362
"Sehr geehrter Herr Knut Gerschau,",860534
"Sehr geehrter Herr Martin Gerster,",857338
"Sehr geehrter Herr Dr. Jan-Niclas Gesenhues,",860906
"Sehr geehrter Herr Albrecht Glaser,",857350
"Sehr geehrte Frau Angelika Glöckner,",857370
"Sehr geehrter Herr Hannes Gnauck,",860536
"Sehr geehrte Frau Katrin Göring-Eckardt,",857330
"Sehr geehrter Herr Christian Görke,",860512
"Sehr geehrte Frau Nicole Gohlke,",857380
"Sehr geehrter Herr Kay Gottschalk,",857332
"Sehr geehrte Frau Dr. Ingeborg Gräßle,",860112
"Sehr geehrter Herr Fabian Gramling,",861744
"Sehr geehrter Herr Prof. Dr. Armin Grau,",861218
"Sehr geehrter Herr Timon Gremmels,",857384
"Sehr geehrte Frau Kerstin Griese,",857340
"Sehr geehrter Herr Hermann Gröhe,",857336
"Sehr geehrter Herr Uli Grötsch,",857364
"Sehr geehrter Herr Michael Grosse-Brömer,",857344
"Sehr geehrter Herr Markus Grübel,",857360
"Sehr geehrte Frau Prof. Monika Grütters,",857378
"Sehr geehrte Frau Sabine Grützmacher,",861782
"Sehr geehrter Herr Manfred Grund,",857366
"Sehr geehrter Herr Erhard Grundl,",857346
"Sehr geehrter Herr Oliver Grundmann,",857356
"Sehr geehrte Frau Serap Güler,",860942
"Sehr geehrter Herr Fritz Güntzler,",857354
"Sehr geehrter Herr Ates Gürpinar,",860516
"Sehr geehrter Herr Olav Gutting,",857342
"Sehr geehrter Herr Dr. Gregor Gysi,",863130
"Sehr geehrter Herr Christian Haase,",857456
"Sehr geehrter Herr Dr. Robert Habeck,",861322
"Sehr geehrter Herr Thomas Hacker,",857486
"Sehr geehrte Frau Bettina Hagedorn,",857422
"Sehr geehrte Frau Rita Hagl-Kehl,",857446
"Sehr geehrter Herr Dr. André Hahn,",857462
"Sehr geehrter Herr Florian Hahn,",857470
"Sehr geehrter Herr Metin Hakverdi,",857438
"Sehr geehrter Herr Reginald Hanke,",857466
"Sehr geehrte Frau Mariana Iris Harder-Kühnel,",857390
"Sehr geehrter Herr Jürgen Hardt,",857408
"Sehr geehrter Herr Philipp Hartewig,",860586
"Sehr geehrter Herr Sebastian Hartmann,",857488
"Sehr geehrte Frau Ulrike Harzer,",860588
"Sehr geehrte Frau Britta Haßelmann,",857416
"Sehr geehrter Herr Matthias Hauer,",857432
"Sehr geehrter Herr Jochen Haug,",857388
"Sehr geehrter Herr Dr. Stefan Heck,",860650
"Sehr geehrter Herr Dirk Heidenblut,",857440
"Sehr geehrter Herr Peter Heidt,",857476
"Sehr geehrter Herr Hubertus Heil,",857452
"Sehr geehrte Frau Mechthild Heil,",857412
"Sehr geehrte Frau Frauke Heiligenstadt,",860864
"Sehr geehrter Herr Thomas Heilmann,",857430
"Sehr geehrte Frau Gabriela Heinrich,",857410
"Sehr geehrte Frau Linda Heitmann,",860706
"Sehr geehrter Herr Matthias Helferich,",860592
"Sehr geehrter Herr Mark Helfrich,",857398
"Sehr geehrte Frau Katrin Helling-Plahr,",857420
"Sehr geehrter Herr Wolfgang Hellmich,",857434
"Sehr geehrte Frau Kathrin Henneberger,",860936
"Sehr geehrte Frau Anke Hennig,",860878
"Sehr geehrte Frau Susanne Hennig-Wellsow,",860596
"Sehr geehrter Herr Michael Hennrich,",857406
"Sehr geehrter Herr Marc Henrichmann,",857478
"Sehr geehrter Herr Markus Herbrand,",857442
"Sehr geehrter Herr Torsten Herbst,",857454
"Sehr geehrter Herr Bernhard Herrmann,",861258
"Sehr geehrte Frau Nadine Heselhaus,",860970
"Sehr geehrter Herr Martin Hess,",857490
"Sehr geehrte Frau Katja Hessel,",857474
"Sehr geehrter Herr Ansgar Heveling,",857460
"Sehr geehrte Frau Susanne Hierl,",860324
"Sehr geehrter Herr Karsten Hilse,",857458
"Sehr geehrter Herr Christian Hirte,",857492
"Sehr geehrter Herr Thomas Hitschler,",857396
"Sehr geehrter Herr Dr. Gero Clemens Hocker,",857472
"Sehr geehrte Frau Nicole Höchst,",857424
"Sehr geehrter Herr Manuel Höferlin,",857484
"Sehr geehrter Herr Bruno Hönel,",861328
"Sehr geehrter Herr Alexander Hoffmann,",857494
"Sehr geehrte Frau Dr. Bettina Hoffmann,",857468
"Sehr geehrter Herr Dr. Christoph Hoffmann,",857402
"Sehr geehrter Herr Dr. Anton Hofreiter,",857482
"Sehr geehrter Herr Leif-Erik Holm,",857480
"Sehr geehrter Herr Dr. Hendrik Hoppenstedt,",857418
"Sehr geehrte Frau Franziska Hoppermann,",860600
"Sehr geehrte Frau Jasmina Hostert,",860128
"Sehr geehrter Herr Reinhard Houben,",857414
"Sehr geehrter Herr Johannes Huber,",857428
"Sehr geehrte Frau Verena Hubertz,",861188
"Sehr geehrter Herr Markus Hümpfer,",860292
"Sehr geehrter Herr Hubert Hüppe,",860964
"Sehr geehrter Herr Andrej Hunko,",857404
"Sehr geehrte Frau Gerrit Huy,",860640
"Sehr geehrter Herr Olaf in der Beek,",857498
"Sehr geehrter Herr Erich Irlstorfer,",857500
"Sehr geehrter Herr Fabian Jacobi,",857514
"Sehr geehrter Herr Dieter Janecek,",857506
"Sehr geehrter Herr Steffen Janich,",860662
"Sehr geehrte Frau Anne Janssen,",860798
"Sehr geehrter Herr Thomas Jarzombek,",857510
"Sehr geehrte Frau Gyde Jensen,",857518
"Sehr geehrter Herr Dr. Marc Jongen,",857508
"Sehr geehrter Herr Andreas Jung,",857502
"Sehr geehrter Herr Ingmar Jung,",857512
"Sehr geehrter Herr Frank Junge,",857516
"Sehr geehrter Herr Josip Juratovic,",857504
"Sehr geehrte Frau Dr. Ann-Veruschka Jurisch,",860692
"Sehr geehrter Herr Oliver Kaczmarek,",863312
"Sehr geehrte Frau Lamya Kaddor,",860914
"Sehr geehrte Frau Elisabeth Kaiser,",863132
"Sehr geehrte Frau Dr. Kirsten Kappert-Gonther,",857550
"Sehr geehrter Herr Macit Karaahmetoğlu,",860182
"Sehr geehrte Frau Anja Karliczek,",857544
"Sehr geehrter Herr Carlos Kasper,",861280
"Sehr geehrte Frau Anna Kassautzki,",860822
"Sehr geehrte Frau Gabriele Katzmarek,",857596
"Sehr geehrter Herr Dr. Malte Kaufmann,",860720
"Sehr geehrter Herr Prof. Dr.-Ing. habil. Michael Kaufmann,",860722
"Sehr geehrter Herr Rainer Johannes Keller,",861916
"Sehr geehrter Herr Michael Kellner,",860560
"Sehr geehrte Frau Ronja Kemmer,",857538
"Sehr geehrte Frau Dr. Franziska Kersten,",861316
"Sehr geehrte Frau Katja Keul,",857546
"Sehr geehrter Herr Stefan Keuter,",857560
"Sehr geehrte Frau Misbah Khan,",861222
"Sehr geehrter Herr Roderich Kiesewetter,",857588
"Sehr geehrter Herr Michael Kießling,",857602
"Sehr geehrter Herr Sven-Christian Kindler,",857556
"Sehr geehrter Herr Dr. Georg Kippels,",857584
"Sehr geehrte Frau Katja Kipping,",857598
"Sehr geehrte Frau Cansel Kiziltepe,",857554
"Sehr geehrter Herr Helmut Kleebank,",861504
"Sehr geehrter Herr Karsten Klein,",857608
"Sehr geehrte Frau Dr. Ottilie Klein,",860522
"Sehr geehrter Herr Volkmar Klein,",857570
"Sehr geehrte Frau Maria Klein-Schmeink,",857558
"Sehr geehrter Herr Norbert Kleinwächter,",857576
"Sehr geehrter Herr Dr. Kristian Klinck,",861384
"Sehr geehrter Herr Lars Klingbeil,",857600
"Sehr geehrte Frau Julia Klöckner,",861140
"Sehr geehrte Frau Annika Klose,",860418
"Sehr geehrte Frau Daniela Kluckert,",857594
"Sehr geehrter Herr Tim Klüssendorf,",861362
"Sehr geehrter Herr Axel Knoerig,",857578
"Sehr geehrter Herr Pascal Kober,",857540
"Sehr geehrter Herr Dr. Lukas Köhler,",857606
"Sehr geehrte Frau Anne König,",861538
"Sehr geehrter Herr Jörn König,",857604
"Sehr geehrter Herr Jens Koeppen,",857548
"Sehr geehrter Herr Carsten Körber,",857574
"Sehr geehrte Frau Dr. Bärbel Kofler,",857572
"Sehr geehrter Herr Enrico Komning,",857566
"Sehr geehrte Frau Carina Konrad,",857568
"Sehr geehrter Herr Markus Koob,",857592
"Sehr geehrte Frau Chantal Kopf,",860140
"Sehr geehrter Herr Jan Korte,",857580
"Sehr geehrte Frau Simona Koß,",860480
"Sehr geehrter Herr Steffen Kotré,",857630
"Sehr geehrter Herr Philip Krämer,",860734
"Sehr geehrte Frau Laura Kraft,",860960
"Sehr geehrter Herr Dr. Rainer Kraft,",857626
"Sehr geehrte Frau Anette Kramme,",857618
"Sehr geehrte Frau Dunja Kreiser,",860868
"Sehr geehrter Herr Gunther Krichbaum,",857620
"Sehr geehrter Herr Dr. Günter Krings,",857610
"Sehr geehrter Herr Oliver Krischer,",857624
"Sehr geehrter Herr Martin Kröber,",861314
"Sehr geehrter Herr Michael Kruse,",860754
"Sehr geehrter Herr Tilman Kuban,",860800
"Sehr geehrter Herr Wolfgang Kubicki,",857640
"Sehr geehrter Herr Christian Kühn,",857612
"Sehr geehrter Herr Kevin Kühnert,",860416
"Sehr geehrte Frau Renate Künast,",857614
"Sehr geehrter Herr Konstantin Kuhle,",857616
"Sehr geehrter Herr Markus Kurth,",857638
"Sehr geehrte Frau Sarah Lahrkamp,",860984
"Sehr geehrter Herr Alexander Graf Lambsdorff,",857686
"Sehr geehrte Frau Ricarda Lang,",860132
"Sehr geehrter Herr Ulrich Lange,",863316
"Sehr geehrter Herr Andreas Larem,",860644
"Sehr geehrter Herr Armin Laschet,",860940
"Sehr geehrte Frau Ina Latendorf,",860778
"Sehr geehrte Frau Dr. Silke Launert,",857690
"Sehr geehrter Herr Prof. Dr. Karl Lauterbach,",857696
"Sehr geehrte Frau Caren Lay,",857654
"Sehr geehrter Herr Ulrich Lechte,",857684
"Sehr geehrter Herr Jens Lehmann,",857694
"Sehr geehrter Herr Sven Lehmann,",857664
"Sehr geehrte Frau Sylvia Lehmann,",857668
"Sehr geehrter Herr Paul Lehrieder,",857676
"Sehr geehrte Frau Dr. Katja Leikert,",857650
"Sehr geehrter Herr Kevin Leiser,",860222
"Sehr geehrte Frau Steffi Lemke,",857674
"Sehr geehrter Herr Jürgen Lenders,",860780
"Sehr geehrte Frau Barbara Lenk,",860782
"Sehr geehrter Herr Ralph Lenkert,",857698
"Sehr geehrter Herr Dr. Andreas Lenz,",857656
"Sehr geehrter Herr Christian Leye,",860784
"Sehr geehrte Frau Luiza Licina-Bode,",861002
"Sehr geehrter Herr Dr. Thorsten Lieb,",860786
"Sehr geehrte Frau Anja Liebert,",861930
"Sehr geehrter Herr Esra Limbacher,",861252
"Sehr geehrter Herr Helge Limburg,",860820
"Sehr geehrter Herr Lars Lindemann,",860788
"Sehr geehrter Herr Helge Lindh,",857648
"Sehr geehrte Frau Andrea Lindholz,",857700
"Sehr geehrter Herr Christian Lindner,",857658
"Sehr geehrter Herr Dr. Tobias Lindner,",857672
"Sehr geehrter Herr Michael Georg Link,",857678
"Sehr geehrter Herr Dr. Carsten Linnemann,",857688
"Sehr geehrte Frau Patricia Lips,",857666
"Sehr geehrte Frau Dr. Gesine Lötzsch,",857662
"Sehr geehrte Frau Denise Loop,",861324
"Sehr geehrter Herr Bernhard Loos,",857680
"Sehr geehrter Herr Rüdiger Lucassen,",857652
"Sehr geehrter Herr Max Lucks,",860924
"Sehr geehrter Herr Dr. Jan-Marco Luczak,",857670
"Sehr geehrte Frau Daniela Ludwig,",857682
"Sehr geehrte Frau Dr. Anna Lührmann,",860732
"Sehr geehrte Frau Kristine Lütke,",860764
"Sehr geehrte Frau Bettina Lugk,",860978
"Sehr geehrter Herr Oliver Luksic,",857702
"Sehr geehrter Herr Thomas Lutze,",857660
"Sehr geehrter Herr Heiko Maas,",857754
"Sehr geehrte Frau Dr. Tanja Machalet,",861182
"Sehr geehrter Herr Klaus Mack,",861554
"Sehr geehrte Frau Isabel Mackensen-Geis,",857764
"Sehr geehrte Frau Yvonne Magwas,",857746
"Sehr geehrter Herr Erik von Malottki,",860824
"Sehr geehrter Herr Holger Mann,",861268
"Sehr geehrter Herr Till Mansmann,",857714
"Sehr geehrter Herr Kaweh Mansoori,",860624
"Sehr geehrte Frau Dr. Zanda Martens,",860992
"Sehr geehrte Frau Dorothee Martin,",857706
"Sehr geehrter Herr Parsa Marvi,",860158
"Sehr geehrte Frau Franziska Mascheck,",861710
"Sehr geehrte Frau Katja Mast,",857756
"Sehr geehrter Herr Andreas Mattfeldt,",857716
"Sehr geehrter Herr Stephan Mayer,",857710
"Sehr geehrte Frau Zoe Mayer,",860136
"Sehr geehrter Herr Volker Mayer-Lay,",861536
"Sehr geehrter Herr Andreas Mehltretter,",860282
"Sehr geehrter Herr Takis Mehmet Ali,",860230
"Sehr geehrter Herr Pascal Meiser,",857732
"Sehr geehrter Herr Dr. Michael Meister,",857742
"Sehr geehrte Frau Susanne Menge,",860842
"Sehr geehrte Frau Anikó Merten,",860896
"Sehr geehrter Herr Friedrich Merz,",861648
"Sehr geehrter Herr Robin Mesarosch,",860198
"Sehr geehrter Herr Jan Metzler,",857736
"Sehr geehrter Herr Christoph Meyer,",857758
"Sehr geehrte Frau Corinna Miazga,",857734
"Sehr geehrte Frau Swantje Henrike Michaelsen,",860836
"Sehr geehrte Frau Kathrin Michel,",861270
"Sehr geehrter Herr Dr. Mathias Middelberg,",857718
"Sehr geehrter Herr Dr. Matthias Miersch,",857728
"Sehr geehrter Herr Matthias David Mieves,",861194
"Sehr geehrte Frau Dr. Irene Mihalic,",857750
"Sehr geehrter Herr Boris Mijatović,",860738
"Sehr geehrte Frau Susanne Mittag,",857748
"Sehr geehrte Frau Cornelia Möhring,",857724
"Sehr geehrte Frau Siemtje Möller,",857744
"Sehr geehrter Herr Maximilian Mörseburg,",861900
"Sehr geehrte Frau Amira Mohamed Ali,",857720
"Sehr geehrter Herr Falko Mohrs,",857730
"Sehr geehrte Frau Claudia Moll,",857752
"Sehr geehrter Herr Mike Moncsek,",860898
"Sehr geehrter Herr Dietrich Monstadt,",857762
"Sehr geehrter Herr Matthias Moosdorf,",863320
"Sehr geehrter Herr Maximilian Mordhorst,",860900
"Sehr geehrter Herr Alexander Müller,",857774
"Sehr geehrter Herr Axel Müller,",857788
"Sehr geehrte Frau Bettina Müller,",857768
"Sehr geehrter Herr Carsten Müller,",857782
"Sehr geehrte Frau Claudia Müller,",857790
"Sehr geehrter Herr Detlef Müller,",857770
"Sehr geehrter Herr Florian Müller,",861766
"Sehr geehrter Herr Michael Müller,",860414
"Sehr geehrter Herr Sascha Müller,",860318
"Sehr geehrter Herr Sepp Müller,",857766
"Sehr geehrter Herr Stefan Müller,",857778
"Sehr geehrte Frau Beate Müller-Gemmeke,",857794
"Sehr geehrter Herr Frank Müller-Rosentritt,",857786
"Sehr geehrte Frau Michelle Müntefering,",857780
"Sehr geehrter Herr Sebastian Münzenmaier,",857784
"Sehr geehrter Herr Dr. Rolf Mützenich,",857772
"Sehr geehrter Herr Dr. Stefan Nacke,",860956
"Sehr geehrte Frau Sara Nanni,",860928
"Sehr geehrte Frau Rasha Nasr,",861278
"Sehr geehrte Frau Zaklin Nastic,",857806
"Sehr geehrter Herr Edgar Naujok,",863324
"Sehr geehrte Frau Dr. Ingrid Nestle,",857804
"Sehr geehrte Frau Dr. Ophelia Nick,",860916
"Sehr geehrter Herr Brian Nickholz,",861098
"Sehr geehrte Frau Petra Nicolaisen,",857808
"Sehr geehrter Herr Dietmar Nietan,",857810
"Sehr geehrter Herr Jan Ralf Nolte,",857798
"Sehr geehrter Herr Dr. Konstantin von Notz,",857802
"Sehr geehrter Herr Omid Nouripour,",857814
"Sehr geehrter Herr Jörg Nürnberger,",860288
"Sehr geehrter Herr Lennard Oehl,",861610
"Sehr geehrter Herr Wilfried Oellers,",857818
"Sehr geehrter Herr Cem Özdemir,",857832
"Sehr geehrter Herr Mahmut Özdemir,",857826
"Sehr geehrte Frau Aydan Özoğuz,",857820
"Sehr geehrter Herr Moritz Oppelt,",861820
"Sehr geehrte Frau Josephine Ortleb,",857828
"Sehr geehrter Herr Florian Oßner,",857822
"Sehr geehrter Herr Josef Oster,",857816
"Sehr geehrter Herr Henning Otte,",857830
"Sehr geehrte Frau Karoline Otte,",860832
"Sehr geehrter Herr Gerold Otten,",857834
"Sehr geehrter Herr Julian Pahlke,",860840
"Sehr geehrter Herr Dr. Christos Pantazis,",860892
"Sehr geehrte Frau Wiebke Papenbrock,",860488
"Sehr geehrter Herr Mathias Papendieck,",860472
"Sehr geehrte Frau Petra Pau,",857870
"Sehr geehrte Frau Lisa Paus,",857850
"Sehr geehrte Frau Natalie Pawlik,",860626
"Sehr geehrter Herr Jens Peick,",861118
"Sehr geehrter Herr Sören Pellmann,",857858
"Sehr geehrter Herr Victor Perli,",857872
"Sehr geehrter Herr Tobias Matthias Peterka,",857866
"Sehr geehrter Herr Christian Petry,",863314
"Sehr geehrter Herr Dr. Andreas Philippi,",860874
"Sehr geehrte Frau Dr. med. Paula Piechotta,",861256
"Sehr geehrter Herr Stephan Pilsinger,",857848
"Sehr geehrter Herr Jan Plobner,",860306
"Sehr geehrter Herr Dr. Christoph Ploß,",857842
"Sehr geehrter Herr Dr. Martin Plum,",861042
"Sehr geehrter Herr Jürgen Pohl,",857846
"Sehr geehrte Frau Filiz Polat,",857860
"Sehr geehrte Frau Sabine Poschmann,",857864
"Sehr geehrter Herr Achim Post,",857844
"Sehr geehrter Herr Stephan Protschka,",857868
"Sehr geehrter Herr Thomas Rachel,",857924
"Sehr geehrte Frau Kerstin Radomski,",857880
"Sehr geehrter Herr Alexander Radwan,",857896
"Sehr geehrte Frau Claudia Raffelhüschen,",866132
"Sehr geehrter Herr Alois Rainer,",857914
"Sehr geehrter Herr Dr. Peter Ramsauer,",857876
"Sehr geehrter Herr Dr. Volker Redder,",861060
"Sehr geehrter Herr Henning Rehbaum,",861928
"Sehr geehrter Herr Martin Reichardt,",857894
"Sehr geehrter Herr Dr. Markus Reichel,",861274
"Sehr geehrte Frau Heidi Reichinnek,",861074
"Sehr geehrte Frau Prof. Dr. Anja Reinalter,",860176
"Sehr geehrter Herr Hagen Reinhold,",857902
"Sehr geehrter Herr Martin Erwin Renner,",857898
"Sehr geehrte Frau Martina Renner,",857908
"Sehr geehrter Herr Bernd Reuther,",857906
"Sehr geehrte Frau Ye-One Rhie,",860996
"Sehr geehrter Herr Josef Rief,",857912
"Sehr geehrter Herr Bernd Riexinger,",857886
"Sehr geehrter Herr Andreas Rimkus,",857900
"Sehr geehrter Herr Frank Rinck,",861108
"Sehr geehrter Herr Sönke Rix,",857882
"Sehr geehrte Frau Tabea Rößner,",857920
"Sehr geehrter Herr Dr. Norbert Röttgen,",857928
"Sehr geehrter Herr Thomas Röwekamp,",860556
"Sehr geehrter Herr Dennis Rohde,",857890
"Sehr geehrter Herr Lars Rohwer,",861562
"Sehr geehrter Herr Sebastian Roloff,",860266
"Sehr geehrter Herr Dr. Martin Rosemann,",857926
"Sehr geehrte Frau Jessica Rosenthal,",860982
"Sehr geehrte Frau Claudia Roth,",857916
"Sehr geehrter Herr Michael Roth,",857922
"Sehr geehrte Frau Dr. Manuela Rottmann,",857878
"Sehr geehrter Herr Stefan Rouenhoff,",857892
"Sehr geehrter Herr Dr. Thorsten Rudolph,",861184
"Sehr geehrte Frau Tina Rudolph,",861438
"Sehr geehrter Herr Erwin Rüddel,",857930
"Sehr geehrte Frau Corinna Rüffer,",857888
"Sehr geehrter Herr Bernd Rützel,",857910
"Sehr geehrter Herr Albert Rupprecht,",857884
"Sehr geehrte Frau Sarah Ryglewski,",857904
"Sehr geehrter Herr Johann Saathoff,",857972
"Sehr geehrter Herr Kassem Taher Saleh,",861262
"Sehr geehrte Frau Catarina dos Santos Firnhaber,",860952
"Sehr geehrter Herr Dr. h. c. Thomas Sattelberger,",863128
"Sehr geehrter Herr Christian Sauter,",857932
"Sehr geehrter Herr Axel Schäfer,",857946
"Sehr geehrter Herr Ingo Schäfer,",861050
"Sehr geehrte Frau Jamila Schäfer,",860330
"Sehr geehrter Herr Dr. Sebastian Schäfer,",860174
"Sehr geehrter Herr Frank Schäffler,",857952
"Sehr geehrter Herr Johannes Schätzl,",860286
"Sehr geehrter Herr Dr. Wolfgang Schäuble,",857936
"Sehr geehrte Frau Rebecca Schamber,",860884
"Sehr geehrter Herr Bernd Schattner,",861158
"Sehr geehrte Frau Ulle Schauws,",857942
"Sehr geehrte Frau Dr. Nina Scheer,",857962
"Sehr geehrte Frau Dr. Christiane Schenderlein,",861272
"Sehr geehrter Herr Andreas Scheuer,",857964
"Sehr geehrte Frau Marianne Schieder,",857968
"Sehr geehrter Herr Udo Schiefner,",857940
"Sehr geehrte Frau Ulrike Schielke-Ziesing,",857954
"Sehr geehrte Frau Peggy Schierenbeck,",860880
"Sehr geehrte Frau Jana Schimke,",857976
"Sehr geehrter Herr Timo Schisanowski,",861110
"Sehr geehrter Herr Christoph Schmid,",860280
"Sehr geehrter Herr Dr. Nils Schmid,",857958
"Sehr geehrte Frau Dagmar Schmidt,",857966
"Sehr geehrter Herr Eugen Schmidt,",861178
"Sehr geehrter Herr Jan Wenzel Schmidt,",861180
"Sehr geehrter Herr Stefan Schmidt,",857950
"Sehr geehrter Herr Uwe Schmidt,",857938
"Sehr geehrter Herr Carsten Schneider,",857990
"Sehr geehrter Herr Daniel Schneider,",860886
"Sehr geehrter Herr Jörg Schneider,",858002
"Sehr geehrter Herr Patrick Schnieder,",857992
"Sehr geehrte Frau Nadine Schön,",858006
"Sehr geehrte Frau Marlene Schönberger,",860342
"Sehr geehrter Herr Olaf Scholz,",860468
"Sehr geehrter Herr Johannes Schraps,",857996
"Sehr geehrter Herr Christian Schreider,",861204
"Sehr geehrter Herr Felix Schreiner,",857978
"Sehr geehrter Herr Michael Schrodi,",857998
"Sehr geehrte Frau Christina-Johanne Schröder,",860816
"Sehr geehrte Frau Ria Schröder,",861210
"Sehr geehrte Frau Anja Schulz,",861214
"Sehr geehrter Herr Uwe Schulz,",857986
"Sehr geehrte Frau Kordula Schulz-Asche,",858004
"Sehr geehrte Frau Svenja Schulze,",860968
"Sehr geehrter Herr Frank Schwabe,",857980
"Sehr geehrter Herr Stefan Schwartze,",857984
"Sehr geehrter Herr Andreas Schwarz,",857988
"Sehr geehrter Herr Armin Schwarz,",860632
"Sehr geehrte Frau Rita Schwarzelühr-Sutter,",857994
"Sehr geehrter Herr Matthias Seestern-Pauly,",858010
"Sehr geehrter Herr Stefan Seidler,",863288
"Sehr geehrter Herr Detlef Seif,",858062
"Sehr geehrter Herr Prof. Dr. Stephan Seiter,",861238
"Sehr geehrter Herr Thomas Seitz,",858072
"Sehr geehrte Frau Dr. Lina Seitzl,",860184
"Sehr geehrte Frau Melis Sekmen,",860156
"Sehr geehrter Herr Rainer Semet,",861240
"Sehr geehrter Herr Martin Sichert,",858038
"Sehr geehrter Herr Thomas Silberhorn,",858036
"Sehr geehrter Herr Björn Simon,",858050
"Sehr geehrte Frau Dr. Petra Sitte,",858018
"Sehr geehrte Frau Judith Skudelny,",858020
"Sehr geehrte Frau Nyke Slawik,",860910
"Sehr geehrter Herr Tino Sorge,",858066
"Sehr geehrter Herr Jens Spahn,",858012
"Sehr geehrte Frau Dr. Anne Monika Spallek,",860938
"Sehr geehrter Herr Dr. Dirk Spaniel,",858024
"Sehr geehrte Frau Merle Spellerberg,",861260
"Sehr geehrter Herr René Springer,",858058
"Sehr geehrte Frau Svenja Stadler,",858016
"Sehr geehrte Frau Katrin Staffler,",858030
"Sehr geehrte Frau Nina Stahr,",860498
"Sehr geehrte Frau Martina Stamm-Fibich,",858054
"Sehr geehrte Frau Bettina Stark-Watzinger,",858076
"Sehr geehrter Herr Dr. Till Steffen,",860702
"Sehr geehrter Herr Dr. Wolfgang Stefinger,",858064
"Sehr geehrter Herr Albert Stegemann,",858074
"Sehr geehrter Herr Dr. Ralf Stegner,",861352
"Sehr geehrter Herr Mathias Stein,",858042
"Sehr geehrter Herr Johannes Steiniger,",858032
"Sehr geehrte Frau Hanna Steinmüller,",860510
"Sehr geehrter Herr Christian Freiherr von Stetten,",858026
"Sehr geehrte Frau Nadja Sthamer,",861288
"Sehr geehrter Herr Dieter Stier,",858052
"Sehr geehrter Herr Konrad Stockmeier,",861292
"Sehr geehrter Herr Klaus Stöber,",863310
"Sehr geehrte Frau Diana Stöcker,",861664
"Sehr geehrte Frau Beatrix von Storch,",858070
"Sehr geehrter Herr Gero Storjohann,",858014
"Sehr geehrte Frau Dr. Marie-Agnes Strack-Zimmermann,",858040
"Sehr geehrter Herr Stephan Stracke,",858034
"Sehr geehrter Herr Benjamin Strasser,",858068
"Sehr geehrter Herr Max Straubinger,",858078
"Sehr geehrter Herr Dr. Wolfgang Strengmann-Kuhn,",858022
"Sehr geehrter Herr Ruppert Stüwe,",860420
"Sehr geehrte Frau Christina Stumpp,",861926
"Sehr geehrte Frau Jessica Tatti,",858092
"Sehr geehrte Frau Claudia Tausend,",858110
"Sehr geehrter Herr Dr. Hermann-Josef Tebroke,",858098
"Sehr geehrte Frau Awet Tesfaiesus,",860740
"Sehr geehrte Frau Linda Teuteberg,",858100
"Sehr geehrter Herr Jens Teutrine,",861326
"Sehr geehrter Herr Michael Theurer,",858104
"Sehr geehrter Herr Michael Thews,",858084
"Sehr geehrter Herr Hans-Jürgen Thies,",858094
"Sehr geehrter Herr Stephan Thomae,",858080
"Sehr geehrter Herr Alexander Throm,",858106
"Sehr geehrte Frau Antje Tillmann,",858090
"Sehr geehrte Frau Astrid Timmermann-Fechter,",860944
"Sehr geehrter Herr Nico Tippelt,",861350
"Sehr geehrter Herr Manfred Todtenhausen,",858086
"Sehr geehrter Herr Markus Töns,",858096
"Sehr geehrter Herr Dr. Florian Toncar,",858102
"Sehr geehrter Herr Carsten Träger,",858082
"Sehr geehrter Herr Jürgen Trittin,",858108
"Sehr geehrte Frau Anja Troff-Schaffarzyk,",860870
"Sehr geehrte Frau Derya Türk-Nachbaur,",860206
"Sehr geehrter Herr Markus Uhl,",858112
"Sehr geehrte Frau Katrin Uhlig,",860926
"Sehr geehrter Herr Prof. Dr. Andrew Ullmann,",858114
"Sehr geehrter Herr Frank Ullrich,",861430
"Sehr geehrter Herr Gerald Ullrich,",858118
"Sehr geehrter Herr Dr. Volker Ullrich,",858120
"Sehr geehrter Herr Alexander Ulrich,",858116
"Sehr geehrte Frau Dr. Julia Verlinden,",858122
"Sehr geehrte Frau Kerstin Vieregge,",858126
"Sehr geehrte Frau Marja-Liisa Völlers,",858132
"Sehr geehrter Herr Dirk Vöpel,",858128
"Sehr geehrter Herr Johannes Vogel,",858134
"Sehr geehrte Frau Kathrin Vogler,",858124
"Sehr geehrter Herr Dr. Oliver Vogt,",860962
"Sehr geehrter Herr Christoph de Vries,",858136
"Sehr geehrter Herr Dr. Johann David Wadephul,",858166
"Sehr geehrter Herr Niklas Wagener,",860340
"Sehr geehrter Herr Robin Wagener,",860908
"Sehr geehrte Frau Dr. Sahra Wagenknecht,",858202
"Sehr geehrte Frau Dr. Carolin Wagner,",860296
"Sehr geehrter Herr Johannes Wagner,",860346
"Sehr geehrte Frau Maja Wallstein,",860470
"Sehr geehrter Herr Hannes Walter,",860478
"Sehr geehrte Frau Beate Walter-Rosenheimer,",858152
"Sehr geehrter Herr Marco Wanderwitz,",858160
"Sehr geehrte Frau Nina Warken,",858188
"Sehr geehrte Frau Sandra Weeser,",858156
"Sehr geehrte Frau Carmen Wegge,",860290
"Sehr geehrte Frau Melanie Wegling,",860676
"Sehr geehrte Frau Dr. Alice Weidel,",858184
"Sehr geehrter Herr Dr. Joe Weingarten,",858196
"Sehr geehrte Frau Dr. Anja Weisgerber,",858178
"Sehr geehrte Frau Saskia Weishaupt,",860332
"Sehr geehrte Frau Maria-Lena Weiss,",861824
"Sehr geehrte Frau Sabine Weiss,",858150
"Sehr geehrter Herr Stefan Wenzel,",860834
"Sehr geehrte Frau Lena Werner,",861196
"Sehr geehrte Frau Nicole Westig,",858198
"Sehr geehrter Herr Bernd Westphal,",858148
"Sehr geehrter Herr Prof. Dr. Harald Weyel,",858182
"Sehr geehrter Herr Kai Whittaker,",858194
"Sehr geehrte Frau Annette Widmann-Mauz,",858200
"Sehr geehrter Herr Wolfgang Wiehle,",858168
"Sehr geehrter Herr Dr. Klaus Wiener,",861052
"Sehr geehrter Herr Dirk Wiese,",858180
"Sehr geehrter Herr Klaus-Peter Willsch,",858176
"Sehr geehrte Frau Elisabeth Winkelmeier-Becker,",858192
"Sehr geehrter Herr Tobias Winkler,",860366
"Sehr geehrte Frau Tina Winklmann,",860348
"Sehr geehrter Herr Dr. Christian Wirth,",858172
"Sehr geehrter Herr Dr. Volker Wissing,",861446
"Sehr geehrte Frau Janine Wissler,",861432
"Sehr geehrter Herr Uwe Witt,",858154
"Sehr geehrte Frau Mechthilde Wittmann,",860322
"Sehr geehrter Herr Dr. Herbert Wollmann,",861474
"Sehr geehrte Frau Mareike Lotte Wulf,",860802
"Sehr geehrter Herr Joachim Wundrak,",861462
"Sehr geehrte Frau Gülistan Yüksel,",858204
"Sehr geehrte Frau Emmi Zeulner,",858212
"Sehr geehrter Herr Kay-Uwe Ziegler,",863322
"Sehr geehrter Herr Paul Ziemiak,",858210
"Sehr geehrter Herr Stefan Zierke,",858206
"Sehr geehrter Herr Dr. Jens Zimmermann,",858214
"Sehr geehrter Herr Nicolas Zippelius,",861658
"Sehr geehrter Herr Armand Zorn,",861560
"Sehr geehrte Frau Katrin Zschau,",860826
